gbifID	datasetKey	occurrenceID	kingdom	phylum	class	order	family	genus	species	infraspecificEpithet	taxonRank	scientificName	verbatimScientificName	verbatimScientificNameAuthorship	countryCode	locality	stateProvince	occurrenceStatus	individualCount	publishingOrgKey	decimalLatitude	decimalLongitude	coordinateUncertaintyInMeters	coordinatePrecision	elevation	elevationAccuracy	depth	depthAccuracy	eventDate	day	month	year	taxonKey	speciesKey	basisOfRecord	institutionCode	collectionCode	catalogNumber	recordNumber	identifiedBy	dateIdentified	license	rightsHolder	recordedBy	typeStatus	establishmentMeans	lastInterpreted	mediaType	issue
774844234	fa375330-6c8a-11de-8226-b8a03c50a862	0a98fe8f-0db9-433e-a628-d3c9c46278a2	Animalia	Chordata	Squamata		Elapidae	Oxyuranus	Oxyuranus microlepidotus		SPECIES	Oxyuranus microlepidotus (Mccoy, 1879)	Oxyuranus microlepidotus	(McCoy, 1879)	AU		South Australia	PRESENT		4d0539cd-a2e0-4a2c-8b7d-ec6718eef764	-29.3833	135.2289		1.0E-4					2012-11-28T00:00:00	28	11	2012	2449963	2449963	PRESERVED_SPECIMEN	SAMA	Herpetology	R67494				CC_BY_4_0		Launer, Matt;Ebs			2023-09-07T11:26:00.863Z		CONTINENT_DERIVED_FROM_COORDINATES;INSTITUTION_MATCH_FUZZY;INSTITUTION_COLLECTION_MISMATCH
500781886	fa375330-6c8a-11de-8226-b8a03c50a862	4af88950-4050-4968-b1ef-7196f298b42b	Animalia	Chordata	Squamata		Elapidae	Oxyuranus	Oxyuranus microlepidotus		SPECIES	Oxyuranus microlepidotus (Mccoy, 1879)	Oxyuranus microlepidotus	(McCoy, 1879)	AU		South Australia	PRESENT		4d0539cd-a2e0-4a2c-8b7d-ec6718eef764	-28.85	134.88		0.01					1997-09-25T00:00:00	25	9	1997	2449963	2449963	PRESERVED_SPECIMEN	SAMA	Herpetology	R49883				CC_BY_4_0		Hutchinson, M.;Copley, P.;Foster, R.			2023-09-07T11:26:01.976Z		CONTINENT_DERIVED_FROM_COORDINATES;INSTITUTION_MATCH_FUZZY;INSTITUTION_COLLECTION_MISMATCH
500768957	fa375330-6c8a-11de-8226-b8a03c50a862	a7ec6788-7c20-453d-8b31-dc89d9366de0	Animalia	Chordata	Squamata		Elapidae	Oxyuranus	Oxyuranus microlepidotus		SPECIES	Oxyuranus microlepidotus (Mccoy, 1879)	Oxyuranus microlepidotus	(McCoy, 1879)	AU		South Australia	PRESENT		4d0539cd-a2e0-4a2c-8b7d-ec6718eef764	-28.7	134.87		0.01					1994-05-14T00:00:00	14	5	1994	2449963	2449963	PRESERVED_SPECIMEN	SAMA	Herpetology	R44080				CC_BY_4_0		Irtschin, P. M;Ias, T. N			2023-09-07T11:26:04.422Z		CONTINENT_DERIVED_FROM_COORDINATES;INSTITUTION_MATCH_FUZZY;INSTITUTION_COLLECTION_MISMATCH
500766694	fa375330-6c8a-11de-8226-b8a03c50a862	30f20aa7-6a2f-4c70-8aed-c92f88b0dedc	Animalia	Chordata	Squamata		Elapidae	Oxyuranus	Oxyuranus microlepidotus		SPECIES	Oxyuranus microlepidotus (Mccoy, 1879)	Oxyuranus microlepidotus	(McCoy, 1879)	AU		Queensland	PRESENT		4d0539cd-a2e0-4a2c-8b7d-ec6718eef764	-25.68	140.75		0.01					1961-04-12T00:00:00	12	4	1961	2449963	2449963	PRESERVED_SPECIMEN	SAMA	Herpetology	R4303				CC_BY_4_0		Arthur, R. O			2023-09-07T11:26:03.593Z		CONTINENT_DERIVED_FROM_COORDINATES;INSTITUTION_MATCH_FUZZY;INSTITUTION_COLLECTION_MISMATCH
500766381	fa375330-6c8a-11de-8226-b8a03c50a862	51534b48-df63-4106-9278-912dbe07a27c	Animalia	Chordata	Squamata		Elapidae	Oxyuranus	Oxyuranus microlepidotus		SPECIES	Oxyuranus microlepidotus (Mccoy, 1879)	Oxyuranus microlepidotus	(McCoy, 1879)	AU		Queensland	PRESENT		4d0539cd-a2e0-4a2c-8b7d-ec6718eef764	-25.68	140.75		0.01					1961-11-30T00:00:00	30	11	1961	2449963	2449963	PRESERVED_SPECIMEN	SAMA	Herpetology	R4289				CC_BY_4_0		Arthur, R. O			2023-09-07T11:26:01.572Z		CONTINENT_DERIVED_FROM_COORDINATES;INSTITUTION_MATCH_FUZZY;INSTITUTION_COLLECTION_MISMATCH
500766293	fa375330-6c8a-11de-8226-b8a03c50a862	c019082f-ca65-4016-ba06-ff821226a37e	Animalia	Chordata	Squamata		Elapidae	Oxyuranus	Oxyuranus microlepidotus		SPECIES	Oxyuranus microlepidotus (Mccoy, 1879)	Oxyuranus microlepidotus	(McCoy, 1879)	AU		Queensland	PRESENT		4d0539cd-a2e0-4a2c-8b7d-ec6718eef764	-25.68	140.75		0.01					1962-05-12T00:00:00	12	5	1962	2449963	2449963	PRESERVED_SPECIMEN	SAMA	Herpetology	R4285				CC_BY_4_0		Arthur, R. O			2023-09-07T11:26:03.031Z		CONTINENT_DERIVED_FROM_COORDINATES;INSTITUTION_MATCH_FUZZY;INSTITUTION_COLLECTION_MISMATCH
500766271	fa375330-6c8a-11de-8226-b8a03c50a862	a2ef8eb0-b683-4f59-a852-0c4df9fef629	Animalia	Chordata	Squamata		Elapidae	Oxyuranus	Oxyuranus microlepidotus		SPECIES	Oxyuranus microlepidotus (Mccoy, 1879)	Oxyuranus microlepidotus	(McCoy, 1879)	AU		Queensland	PRESENT		4d0539cd-a2e0-4a2c-8b7d-ec6718eef764	-25.92	141.12		0.01					1961-04-13T00:00:00	13	4	1961	2449963	2449963	PRESERVED_SPECIMEN	SAMA	Herpetology	R4284				CC_BY_4_0		Arthur, R. O			2023-09-07T11:26:02.688Z		CONTINENT_DERIVED_FROM_COORDINATES;INSTITUTION_MATCH_FUZZY;INSTITUTION_COLLECTION_MISMATCH
500765437	fa375330-6c8a-11de-8226-b8a03c50a862	1fecb04b-0137-4a3b-a8f5-088138622f32	Animalia	Chordata	Squamata		Elapidae	Oxyuranus	Oxyuranus microlepidotus		SPECIES	Oxyuranus microlepidotus (Mccoy, 1879)	Oxyuranus microlepidotus	(McCoy, 1879)	AU		South Australia	PRESENT		4d0539cd-a2e0-4a2c-8b7d-ec6718eef764	-28.95	134.78		0.01					1993-10-28T00:00:00	28	10	1993	2449963	2449963	PRESERVED_SPECIMEN	SAMA	Herpetology	R42484				CC_BY_4_0		Brandle, R.;Npws			2023-09-07T11:26:01.346Z		CONTINENT_DERIVED_FROM_COORDINATES;INSTITUTION_MATCH_FUZZY;INSTITUTION_COLLECTION_MISMATCH
500762334	fa375330-6c8a-11de-8226-b8a03c50a862	d1dd7c22-3fe8-45f8-8431-732d44e4c5ae	Animalia	Chordata	Squamata		Elapidae	Oxyuranus	Oxyuranus microlepidotus		SPECIES	Oxyuranus microlepidotus (Mccoy, 1879)	Oxyuranus microlepidotus	(McCoy, 1879)	AU		South Australia	PRESENT		4d0539cd-a2e0-4a2c-8b7d-ec6718eef764	-29.02	134.75		0.01					1993-01-04T00:00:00	4	1	1993	2449963	2449963	PRESERVED_SPECIMEN	SAMA	Herpetology	R40985				CC_BY_4_0					2023-09-07T11:26:02.703Z		CONTINENT_DERIVED_FROM_COORDINATES;INSTITUTION_MATCH_FUZZY;INSTITUTION_COLLECTION_MISMATCH
500761157	fa375330-6c8a-11de-8226-b8a03c50a862	83e735e8-1083-422b-bfb8-6eca15554000	Animalia	Chordata	Squamata		Elapidae	Oxyuranus	Oxyuranus microlepidotus		SPECIES	Oxyuranus microlepidotus (Mccoy, 1879)	Oxyuranus microlepidotus	(McCoy, 1879)	AU		South Australia	PRESENT		4d0539cd-a2e0-4a2c-8b7d-ec6718eef764	-28.55	134.92		0.01					1992-08-26T00:00:00	26	8	1992	2449963	2449963	PRESERVED_SPECIMEN	SAMA	Herpetology	R40464				CC_BY_4_0		Hutchinson, M.;Anzses			2023-09-07T11:26:03.876Z		CONTINENT_DERIVED_FROM_COORDINATES;INSTITUTION_MATCH_FUZZY;INSTITUTION_COLLECTION_MISMATCH
500753602	fa375330-6c8a-11de-8226-b8a03c50a862	f2e07b2f-c91e-4e5f-8c29-c4e6c9d9e558	Animalia	Chordata	Squamata		Elapidae	Oxyuranus	Oxyuranus microlepidotus		SPECIES	Oxyuranus microlepidotus (Mccoy, 1879)	Oxyuranus microlepidotus	(McCoy, 1879)	AU		South Australia	PRESENT		4d0539cd-a2e0-4a2c-8b7d-ec6718eef764	-26.55	139.17		0.01					1980-01-01T00:00:00			1980	2449963	2449963	PRESERVED_SPECIMEN	SAMA	Herpetology	R35074				CC_BY_4_0		Mirtschin, P			2023-09-07T11:26:03.081Z		CONTINENT_DERIVED_FROM_COORDINATES;INSTITUTION_MATCH_FUZZY;INSTITUTION_COLLECTION_MISMATCH
500744365	fa375330-6c8a-11de-8226-b8a03c50a862	e358554a-e870-4d7d-a2b2-35d936e55dca	Animalia	Chordata	Squamata		Elapidae	Oxyuranus	Oxyuranus microlepidotus		SPECIES	Oxyuranus microlepidotus (Mccoy, 1879)	Oxyuranus microlepidotus	(McCoy, 1879)	AU		South Australia	PRESENT		4d0539cd-a2e0-4a2c-8b7d-ec6718eef764	-26.82	139.02		0.01					1980-04-06T00:00:00	6	4	1980	2449963	2449963	PRESERVED_SPECIMEN	SAMA	Herpetology	R27025				CC_BY_4_0		Mirtschin, P			2023-09-07T11:26:04.337Z		CONTINENT_DERIVED_FROM_COORDINATES;INSTITUTION_MATCH_FUZZY;INSTITUTION_COLLECTION_MISMATCH
500744323	fa375330-6c8a-11de-8226-b8a03c50a862	7660a6d7-eb89-4afb-92d9-b759bac6f1f8	Animalia	Chordata	Squamata		Elapidae	Oxyuranus	Oxyuranus microlepidotus		SPECIES	Oxyuranus microlepidotus (Mccoy, 1879)	Oxyuranus microlepidotus	(McCoy, 1879)	AU		South Australia	PRESENT		4d0539cd-a2e0-4a2c-8b7d-ec6718eef764	-26.55	139.17		0.01					1981-03-28T00:00:00	28	3	1981	2449963	2449963	PRESERVED_SPECIMEN	SAMA	Herpetology	R26942				CC_BY_4_0		Mirtschin, P			2023-09-07T11:26:04.201Z		CONTINENT_DERIVED_FROM_COORDINATES;INSTITUTION_MATCH_FUZZY;INSTITUTION_COLLECTION_MISMATCH
500738113	fa375330-6c8a-11de-8226-b8a03c50a862	9dbd614a-3366-4af8-8257-8a033cb91c98	Animalia	Chordata	Squamata		Elapidae	Oxyuranus	Oxyuranus microlepidotus		SPECIES	Oxyuranus microlepidotus (Mccoy, 1879)	Oxyuranus microlepidotus	(McCoy, 1879)	AU		South Australia	PRESENT		4d0539cd-a2e0-4a2c-8b7d-ec6718eef764	-26.82	139.02		0.01					1980-04-06T00:00:00	6	4	1980	2449963	2449963	PRESERVED_SPECIMEN	SAMA	Herpetology	R24128				CC_BY_4_0		Mirtschin, P			2023-09-07T11:26:02.838Z		CONTINENT_DERIVED_FROM_COORDINATES;INSTITUTION_MATCH_FUZZY;INSTITUTION_COLLECTION_MISMATCH
500730661	fa375330-6c8a-11de-8226-b8a03c50a862	c0b9f498-0558-47fc-b171-493b12f13372	Animalia	Chordata	Squamata		Elapidae	Oxyuranus	Oxyuranus microlepidotus		SPECIES	Oxyuranus microlepidotus (Mccoy, 1879)	Oxyuranus microlepidotus	(McCoy, 1879)	AU		South Australia	PRESENT		4d0539cd-a2e0-4a2c-8b7d-ec6718eef764	-26.77	139.13		0.01					1981-04-30T00:00:00	30	4	1981	2449963	2449963	PRESERVED_SPECIMEN	SAMA	Herpetology	R20583				CC_BY_4_0					2023-09-07T11:26:02.942Z		CONTINENT_DERIVED_FROM_COORDINATES;INSTITUTION_MATCH_FUZZY;INSTITUTION_COLLECTION_MISMATCH
500727655	fa375330-6c8a-11de-8226-b8a03c50a862	170e9731-a3f4-494c-b4c9-240670554786	Animalia	Chordata	Squamata		Elapidae	Oxyuranus	Oxyuranus microlepidotus		SPECIES	Oxyuranus microlepidotus (Mccoy, 1879)	Oxyuranus microlepidotus	(McCoy, 1879)	AU		South Australia	PRESENT		4d0539cd-a2e0-4a2c-8b7d-ec6718eef764	-27.98	140.35		0.01					1980-09-09T00:00:00	9	9	1980	2449963	2449963	PRESERVED_SPECIMEN	SAMA	Herpetology	R19201				CC_BY_4_0					2023-09-07T11:26:01.160Z		CONTINENT_DERIVED_FROM_COORDINATES;INSTITUTION_MATCH_FUZZY;INSTITUTION_COLLECTION_MISMATCH
500719254	fa375330-6c8a-11de-8226-b8a03c50a862	425f1e0e-b02f-4f89-9441-c1dbd4285cbc	Animalia	Chordata	Squamata		Elapidae	Oxyuranus	Oxyuranus microlepidotus		SPECIES	Oxyuranus microlepidotus (Mccoy, 1879)	Oxyuranus microlepidotus	(McCoy, 1879)	AU		South Australia	PRESENT		4d0539cd-a2e0-4a2c-8b7d-ec6718eef764	-26.78	139.55		0.01					1975-08-01T00:00:00	1	8	1975	2449963	2449963	PRESERVED_SPECIMEN	SAMA	Herpetology	R14851.B				CC_BY_4_0		Turner, A. K			2023-09-07T11:26:03.974Z		CONTINENT_DERIVED_FROM_COORDINATES;INSTITUTION_MATCH_FUZZY;INSTITUTION_COLLECTION_MISMATCH
500719253	fa375330-6c8a-11de-8226-b8a03c50a862	600b8b70-2560-4680-8636-dbcee109bf01	Animalia	Chordata	Squamata		Elapidae	Oxyuranus	Oxyuranus microlepidotus		SPECIES	Oxyuranus microlepidotus (Mccoy, 1879)	Oxyuranus microlepidotus	(McCoy, 1879)	AU		South Australia	PRESENT		4d0539cd-a2e0-4a2c-8b7d-ec6718eef764	-26.78	139.55		0.01					1975-08-01T00:00:00	1	8	1975	2449963	2449963	PRESERVED_SPECIMEN	SAMA	Herpetology	R14851.A				CC_BY_4_0		Turner, A. K			2023-09-07T11:26:03.734Z		CONTINENT_DERIVED_FROM_COORDINATES;INSTITUTION_MATCH_FUZZY;INSTITUTION_COLLECTION_MISMATCH
500718975	fa375330-6c8a-11de-8226-b8a03c50a862	e5d7bbcd-bc45-4a34-bd8e-ce9ed0df8c35	Animalia	Chordata	Squamata		Elapidae	Oxyuranus	Oxyuranus microlepidotus		SPECIES	Oxyuranus microlepidotus (Mccoy, 1879)	Oxyuranus microlepidotus	(McCoy, 1879)	AU		South Australia	PRESENT		4d0539cd-a2e0-4a2c-8b7d-ec6718eef764	-26.03	139.32		0.01					1972-09-27T00:00:00	27	9	1972	2449963	2449963	PRESERVED_SPECIMEN	SAMA	Herpetology	R14649				CC_BY_4_0		Mincham, H			2023-09-07T11:26:04.675Z		CONTINENT_DERIVED_FROM_COORDINATES;INSTITUTION_MATCH_FUZZY;INSTITUTION_COLLECTION_MISMATCH
4413689313	50c9509d-22c7-4a22-a47d-8c48425ef4a7	https://www.inaturalist.org/observations/183823280	Animalia	Chordata	Squamata		Elapidae	Oxyuranus	Oxyuranus microlepidotus		SPECIES	Oxyuranus microlepidotus (Mccoy, 1879)	Oxyuranus microlepidotus		AU		Queensland	PRESENT		28eb1a3f-1c15-4a95-931a-4af90ecb574d	-23.71601	140.960902	160483.0						1996-06-29T13:10:00	29	6	1996	2449963	2449963	HUMAN_OBSERVATION	iNaturalist	Observations	183823280		boofboat	2023-09-18T10:02:44	CC_BY_NC_4_0	boofboat	boofboat			2023-11-08T06:39:26.321Z	StillImage	COORDINATE_ROUNDED;CONTINENT_DERIVED_FROM_COORDINATES;TAXON_MATCH_TAXON_ID_IGNORED
4138680630	50c9509d-22c7-4a22-a47d-8c48425ef4a7	https://www.inaturalist.org/observations/169769875	Animalia	Chordata	Squamata		Elapidae	Oxyuranus	Oxyuranus microlepidotus		SPECIES	Oxyuranus microlepidotus (Mccoy, 1879)	Oxyuranus microlepidotus		AU		Queensland	PRESENT		28eb1a3f-1c15-4a95-931a-4af90ecb574d	-25.422041	141.606226	1000.0						2015-12-15T10:26:00	15	12	2015	2449963	2449963	HUMAN_OBSERVATION	iNaturalist	Observations	169769875		David Williams	2023-06-27T14:09:07	CC_BY_NC_4_0	David Williams	David Williams			2023-11-08T07:05:06.076Z	StillImage	COORDINATE_ROUNDED;CONTINENT_DERIVED_FROM_COORDINATES;TAXON_MATCH_TAXON_ID_IGNORED
3999627354	40c0f670-ee87-4576-be9d-2725e0b47035	1e8249e7-4381-49d8-905a-9d27ae22cb8f	Animalia	Chordata	Squamata		Elapidae	Oxyuranus	Oxyuranus microlepidotus		SPECIES	Oxyuranus microlepidotus (Mccoy, 1879)	Oxyuranus microlepidotus	(McCoy, 1879)	AU		South Australia	PRESENT	1	4c46f883-69c1-42ac-8a20-4cdba2afb9a6	-28.73266	134.95271	5.0						2022-03-13T00:00:00	13	3	2022	2449963	2449963	HUMAN_OBSERVATION			OPR1090103-1				CC_BY_4_0		Kent, H. Harrison		Native	2023-11-09T13:04:07.287Z		CONTINENT_DERIVED_FROM_COORDINATES;TAXON_MATCH_TAXON_CONCEPT_ID_IGNORED;TAXON_MATCH_TAXON_ID_IGNORED
3780318770	e4473544-f4cd-4429-b791-39d6e1fdb0a4	fb9c7cfc-a48a-4e9b-ba03-c089dda45b0f	Animalia	Chordata	Squamata		Elapidae	Oxyuranus	Oxyuranus microlepidotus		SPECIES	Oxyuranus microlepidotus (Mccoy, 1879)	Oxyuranus microlepidotus	(McCoy, 1879)	AU	Diamantina NP, approximately 350km NNW of Windorah	Queensland	PRESENT		96835ce2-d3af-4f6e-af81-faa0c7576fa4	-23.901196	141.213462	300.0	1.0E-5					2007-05-24T00:00:00	24	5	2007	2449963	2449963	MACHINE_OBSERVATION		Incidental Records					CC_BY_4_0	Queensland Government				2023-08-26T06:57:07.880Z		CONTINENT_DERIVED_FROM_COORDINATES
3780264022	e4473544-f4cd-4429-b791-39d6e1fdb0a4	e5cab6c3-8a5a-4034-b310-b553264f9ad4	Animalia	Chordata	Squamata		Elapidae	Oxyuranus	Oxyuranus microlepidotus		SPECIES	Oxyuranus microlepidotus (Mccoy, 1879)	Oxyuranus microlepidotus	(McCoy, 1879)	AU	Astrebla Downs National Park	Queensland	PRESENT		96835ce2-d3af-4f6e-af81-faa0c7576fa4	-24.184933	140.615766	100.0	1.0E-5					2005-09-03T00:00:00	3	9	2005	2449963	2449963	HUMAN_OBSERVATION		Incidental Records					CC_BY_4_0	Queensland Government				2023-08-26T06:57:06.251Z		CONTINENT_DERIVED_FROM_COORDINATES
3780158995	e4473544-f4cd-4429-b791-39d6e1fdb0a4	ddfe7522-a2dd-440e-ae85-e22f7eae8dc0	Animalia	Chordata	Squamata		Elapidae	Oxyuranus	Oxyuranus microlepidotus		SPECIES	Oxyuranus microlepidotus (Mccoy, 1879)	Oxyuranus microlepidotus	(McCoy, 1879)	AU	Eyre Development Road, CWQ.	Queensland	PRESENT		96835ce2-d3af-4f6e-af81-faa0c7576fa4	-25.367	139.4696	500.0	1.0E-5					1991-09-14T00:00:00	14	9	1991	2449963	2449963	HUMAN_OBSERVATION		Rod Hobson's wildlife data					CC_BY_4_0	Queensland Government				2023-08-26T06:57:05.031Z		CONTINENT_DERIVED_FROM_COORDINATES
3780105087	e4473544-f4cd-4429-b791-39d6e1fdb0a4	b1b83e2a-d4d7-4f7c-b649-6a38c2b63f0e	Animalia	Chordata	Squamata		Elapidae	Oxyuranus	Oxyuranus microlepidotus		SPECIES	Oxyuranus microlepidotus (Mccoy, 1879)	Oxyuranus microlepidotus	(McCoy, 1879)	AU	approx 500m w of gordonmaag site, Astrebla Downs National Park	Queensland	PRESENT		96835ce2-d3af-4f6e-af81-faa0c7576fa4	-24.050701	140.446576	999.0	1.0E-5					1998-10-16T00:00:00	16	10	1998	2449963	2449963	OCCURRENCE		Peter McRae Data					CC_BY_4_0	Queensland Government				2023-08-26T06:57:38.988Z		CONTINENT_DERIVED_FROM_COORDINATES
3779958603	e4473544-f4cd-4429-b791-39d6e1fdb0a4	9bcd1b5e-884c-46bf-abf0-1baad9ef04bf	Animalia	Chordata	Squamata		Elapidae	Oxyuranus	Oxyuranus microlepidotus		SPECIES	Oxyuranus microlepidotus (Mccoy, 1879)	Oxyuranus microlepidotus	(McCoy, 1879)	AU	Windorah area	Queensland	PRESENT		96835ce2-d3af-4f6e-af81-faa0c7576fa4	-25.415139	142.667866	5400.0	1.0E-5					1975-01-01T00:00:00	1	1	1975	2449963	2449963	HUMAN_OBSERVATION		Queensland Historical Fauna Database					CC_BY_4_0	Queensland Government				2023-08-26T06:57:36.259Z		CONTINENT_DERIVED_FROM_COORDINATES
3779868052	e4473544-f4cd-4429-b791-39d6e1fdb0a4	748a23bd-44d9-425d-9bf9-0fd2bd283e01	Animalia	Chordata	Squamata		Elapidae	Oxyuranus	Oxyuranus microlepidotus		SPECIES	Oxyuranus microlepidotus (Mccoy, 1879)	Oxyuranus microlepidotus	(McCoy, 1879)	AU	Diamantina National Park	Queensland	PRESENT		96835ce2-d3af-4f6e-af81-faa0c7576fa4	-24.164096	141.124038	100.0	1.0E-5					2007-11-12T00:00:00	12	11	2007	2449963	2449963	HUMAN_OBSERVATION		Ecological Assessment Unit					CC_BY_4_0	Queensland Government				2023-08-26T06:57:00.197Z		CONTINENT_DERIVED_FROM_COORDINATES
3779799699	e4473544-f4cd-4429-b791-39d6e1fdb0a4	4e839f00-38cc-4aea-b6cd-a5d82bf8ee02	Animalia	Chordata	Squamata		Elapidae	Oxyuranus	Oxyuranus microlepidotus		SPECIES	Oxyuranus microlepidotus (Mccoy, 1879)	Oxyuranus microlepidotus	(McCoy, 1879)	AU	Nimoi, Astrebla Downs National Park	Queensland	PRESENT		96835ce2-d3af-4f6e-af81-faa0c7576fa4	-24.112648	140.609821	100.0	1.0E-5					2015-04-14T00:00:00	14	4	2015	2449963	2449963	MACHINE_OBSERVATION		Ecological Assessment					CC_BY_4_0	Queensland Government				2023-08-26T06:57:34.127Z		CONTINENT_DERIVED_FROM_COORDINATES
3779716562	e4473544-f4cd-4429-b791-39d6e1fdb0a4	42921763-c6d6-4bae-b724-04975152c554	Animalia	Chordata	Squamata		Elapidae	Oxyuranus	Oxyuranus microlepidotus		SPECIES	Oxyuranus microlepidotus (Mccoy, 1879)	Oxyuranus microlepidotus	(McCoy, 1879)	AU	Diamantina National Park	Queensland	PRESENT		96835ce2-d3af-4f6e-af81-faa0c7576fa4	-23.776154	141.204669	100.0	1.0E-5					2007-10-11T00:00:00	11	10	2007	2449963	2449963	HUMAN_OBSERVATION		Ecological Assessment Unit					CC_BY_4_0	Queensland Government				2023-08-26T06:56:47.063Z		CONTINENT_DERIVED_FROM_COORDINATES
3779582676	e4473544-f4cd-4429-b791-39d6e1fdb0a4	11bf09cc-8bcf-482d-a9fe-3f6d452c2dbe	Animalia	Chordata	Squamata		Elapidae	Oxyuranus	Oxyuranus microlepidotus		SPECIES	Oxyuranus microlepidotus (Mccoy, 1879)	Oxyuranus microlepidotus	(McCoy, 1879)	AU	South of Kings Creek Bedourie	Queensland	PRESENT		96835ce2-d3af-4f6e-af81-faa0c7576fa4	-24.356	139.637167	100.0	1.0E-5					2001-08-22T00:00:00	22	8	2001	2449963	2449963	HUMAN_OBSERVATION		Incidental Records					CC_BY_4_0	Queensland Government				2023-08-26T06:56:38.824Z		CONTINENT_DERIVED_FROM_COORDINATES
3779564935	e4473544-f4cd-4429-b791-39d6e1fdb0a4	057ba523-c4f4-45d0-8515-35624822ffec	Animalia	Chordata	Squamata		Elapidae	Oxyuranus	Oxyuranus microlepidotus		SPECIES	Oxyuranus microlepidotus (Mccoy, 1879)	Oxyuranus microlepidotus	(McCoy, 1879)	AU	100 km east Birdsville	Queensland	PRESENT		96835ce2-d3af-4f6e-af81-faa0c7576fa4	-25.7175	140.215278	500.0	1.0E-5					1997-09-23T00:00:00	23	9	1997	2449963	2449963	HUMAN_OBSERVATION		Incidental Records					CC_BY_4_0	Queensland Government				2023-08-26T06:57:14.206Z		CONTINENT_DERIVED_FROM_COORDINATES
3779532963	e4473544-f4cd-4429-b791-39d6e1fdb0a4	fabdb9ea-838d-4747-bf5a-a94aa01f2daf	Animalia	Chordata	Squamata		Elapidae	Oxyuranus	Oxyuranus microlepidotus		SPECIES	Oxyuranus microlepidotus (Mccoy, 1879)	Oxyuranus microlepidotus	(McCoy, 1879)	AU	Windorah area	Queensland	PRESENT		96835ce2-d3af-4f6e-af81-faa0c7576fa4	-25.415139	142.667866	5400.0	1.0E-5					1975-01-01T00:00:00	1	1	1975	2449963	2449963	HUMAN_OBSERVATION		Queensland Historical Fauna Database					CC_BY_4_0	Queensland Government				2023-08-26T06:57:15.842Z		CONTINENT_DERIVED_FROM_COORDINATES
3779171074	e4473544-f4cd-4429-b791-39d6e1fdb0a4	86ee6664-3001-40a1-9c69-12522d539179	Animalia	Chordata	Squamata		Elapidae	Oxyuranus	Oxyuranus microlepidotus		SPECIES	Oxyuranus microlepidotus (Mccoy, 1879)	Oxyuranus microlepidotus	(McCoy, 1879)	AU	Diamantina National Park	Queensland	PRESENT		96835ce2-d3af-4f6e-af81-faa0c7576fa4	-23.91197	141.208721	100.0	1.0E-5					2007-04-19T00:00:00	19	4	2007	2449963	2449963	HUMAN_OBSERVATION		Ecological Assessment Unit					CC_BY_4_0	Queensland Government				2023-08-26T06:56:54.956Z		CONTINENT_DERIVED_FROM_COORDINATES
3778985849	e4473544-f4cd-4429-b791-39d6e1fdb0a4	598f2642-d570-493d-99c2-8e08187c1b1c	Animalia	Chordata	Squamata		Elapidae	Oxyuranus	Oxyuranus microlepidotus		SPECIES	Oxyuranus microlepidotus (Mccoy, 1879)	Oxyuranus microlepidotus	(McCoy, 1879)	AU	Diamantina National Park	Queensland	PRESENT		96835ce2-d3af-4f6e-af81-faa0c7576fa4	-23.918719	141.207396	100.0	1.0E-5					2008-11-04T00:00:00	4	11	2008	2449963	2449963	HUMAN_OBSERVATION		Ecological Assessment Unit					CC_BY_4_0	Queensland Government				2023-08-26T06:56:48.310Z		CONTINENT_DERIVED_FROM_COORDINATES
3778937381	e4473544-f4cd-4429-b791-39d6e1fdb0a4	48284c61-e96e-4066-a219-a68505ad8bdd	Animalia	Chordata	Squamata		Elapidae	Oxyuranus	Oxyuranus microlepidotus		SPECIES	Oxyuranus microlepidotus (Mccoy, 1879)	Oxyuranus microlepidotus	(McCoy, 1879)	AU	Diamantina National Park	Queensland	PRESENT		96835ce2-d3af-4f6e-af81-faa0c7576fa4	-23.70669	141.235002	100.0	1.0E-5					2007-10-11T00:00:00	11	10	2007	2449963	2449963	HUMAN_OBSERVATION		Ecological Assessment Unit					CC_BY_4_0	Queensland Government				2023-08-26T06:56:46.210Z		CONTINENT_DERIVED_FROM_COORDINATES
3778902834	e4473544-f4cd-4429-b791-39d6e1fdb0a4	320a782e-8be3-439a-a29a-ea4edcee3736	Animalia	Chordata	Squamata		Elapidae	Oxyuranus	Oxyuranus microlepidotus		SPECIES	Oxyuranus microlepidotus (Mccoy, 1879)	Oxyuranus microlepidotus	(McCoy, 1879)	AU	Store Paddock, Astrebla NP	Queensland	PRESENT		96835ce2-d3af-4f6e-af81-faa0c7576fa4	-23.986586	140.442011	150.0	1.0E-5					1996-01-22T00:00:00	22	1	1996	2449963	2449963	HUMAN_OBSERVATION		Queensland Historical Fauna Database					CC_BY_4_0	Queensland Government				2023-08-26T06:56:43.686Z		CONTINENT_DERIVED_FROM_COORDINATES
3747211742	50c9509d-22c7-4a22-a47d-8c48425ef4a7	https://www.inaturalist.org/observations/109029998	Animalia	Chordata	Squamata		Elapidae	Oxyuranus	Oxyuranus microlepidotus		SPECIES	Oxyuranus microlepidotus (Mccoy, 1879)	Oxyuranus microlepidotus		AU		South Australia	PRESENT		28eb1a3f-1c15-4a95-931a-4af90ecb574d	-28.863704	134.867897	920.0						2022-03-12T17:17:25	12	3	2022	2449963	2449963	HUMAN_OBSERVATION	iNaturalist	Observations	109029998		Max Tibby	2022-03-20T09:10:23	CC0_1_0	Max Tibby	Max Tibby			2023-11-08T05:47:04.081Z	StillImage	COORDINATE_ROUNDED;CONTINENT_DERIVED_FROM_COORDINATES;TAXON_MATCH_TAXON_ID_IGNORED
3747047761	50c9509d-22c7-4a22-a47d-8c48425ef4a7	https://www.inaturalist.org/observations/109025296	Animalia	Chordata	Squamata		Elapidae	Oxyuranus	Oxyuranus microlepidotus		SPECIES	Oxyuranus microlepidotus (Mccoy, 1879)	Oxyuranus microlepidotus		AU		South Australia	PRESENT		28eb1a3f-1c15-4a95-931a-4af90ecb574d	-28.749716	134.988542	29582.0						2022-03-13T09:38:55	13	3	2022	2449963	2449963	HUMAN_OBSERVATION	iNaturalist	Observations	109025296		kenty_8881	2022-03-20T06:36:57	CC_BY_NC_4_0	kenty_8881	kenty_8881			2023-11-08T05:45:35.648Z	StillImage	COORDINATE_ROUNDED;CONTINENT_DERIVED_FROM_COORDINATES;TAXON_MATCH_TAXON_ID_IGNORED
3415976643	50c9509d-22c7-4a22-a47d-8c48425ef4a7	https://www.inaturalist.org/observations/100714965	Animalia	Chordata	Squamata		Elapidae	Oxyuranus	Oxyuranus microlepidotus		SPECIES	Oxyuranus microlepidotus (Mccoy, 1879)	Oxyuranus microlepidotus		AU		South Australia	PRESENT		28eb1a3f-1c15-4a95-931a-4af90ecb574d	-28.756391	134.906454	29582.0						2017-11-28T08:30:48	28	11	2017	2449963	2449963	HUMAN_OBSERVATION	iNaturalist	Observations	100714965		stevethesnakeguy	2021-11-09T20:45:08	CC_BY_NC_4_0	stevethesnakeguy	stevethesnakeguy			2023-11-08T05:44:15.601Z	StillImage	COORDINATE_ROUNDED;CONTINENT_DERIVED_FROM_COORDINATES;TAXON_MATCH_TAXON_ID_IGNORED
2851204020	50c9509d-22c7-4a22-a47d-8c48425ef4a7	https://www.inaturalist.org/observations/55878745	Animalia	Chordata	Squamata		Elapidae	Oxyuranus	Oxyuranus microlepidotus		SPECIES	Oxyuranus microlepidotus (Mccoy, 1879)	Oxyuranus microlepidotus		AU		Queensland	PRESENT		28eb1a3f-1c15-4a95-931a-4af90ecb574d	-25.386848	141.602384	977.0						2007-10-10T00:00:00	10	10	2007	2449963	2449963	HUMAN_OBSERVATION	iNaturalist	Observations	55878745		dhfischer	2020-08-09T04:23:43	CC_BY_NC_4_0	dhfischer	dhfischer			2023-11-08T06:11:49.196Z	StillImage	COORDINATE_ROUNDED;CONTINENT_DERIVED_FROM_COORDINATES;TAXON_MATCH_TAXON_ID_IGNORED
2806512171	0645ccdb-e001-4ab0-9729-51f1755e007e	df712f8e-d99d-4501-84ff-bd7518456396	Animalia	Chordata	Squamata		Elapidae	Oxyuranus	Oxyuranus microlepidotus		SPECIES	Oxyuranus microlepidotus (Mccoy, 1879)	Oxyuranus microlepidotus	(McCoy, 1879)	AU	locality withheld	New South Wales	PRESENT	1	ef66652d-3cc3-4140-b268-a07d1e53441b	-29.736351	144.384843	100.0	1.0E-9					1997-05-09T00:00:00	9	5	1997	2449963	2449963	HUMAN_OBSERVATION	NSW Dept of Planning, Industry and Environment	BioNet Atlas of NSW Wildlife	SYXM01102301				CC_BY_4_0	NSW Dept of Planning and Environment	ODMP97081400			2023-11-03T01:09:52.391Z		CONTINENT_DERIVED_FROM_COORDINATES;TAXON_MATCH_SCIENTIFIC_NAME_ID_IGNORED;TAXON_MATCH_TAXON_CONCEPT_ID_IGNORED
2805969620	0645ccdb-e001-4ab0-9729-51f1755e007e	9fd0ce5d-34e7-45e1-98a2-6f8bcdcc1856	Animalia	Chordata	Squamata		Elapidae	Oxyuranus	Oxyuranus microlepidotus		SPECIES	Oxyuranus microlepidotus (Mccoy, 1879)	Oxyuranus microlepidotus	(McCoy, 1879)	AU	locality withheld	New South Wales	PRESENT	1	ef66652d-3cc3-4140-b268-a07d1e53441b	-30.231762	149.447076	1500.0	1.0E-9					2014-01-10T00:00:00	10	1	2014	2449963	2449963	HUMAN_OBSERVATION	NSW Dept of Planning, Industry and Environment	BioNet Atlas of NSW Wildlife	SJJS14020300				CC_BY_4_0	NSW Dept of Planning and Environment	OADB09010904			2023-11-03T01:10:27.336Z		CONTINENT_DERIVED_FROM_COORDINATES;TAXON_MATCH_SCIENTIFIC_NAME_ID_IGNORED;TAXON_MATCH_TAXON_CONCEPT_ID_IGNORED
2596560814	fa375330-6c8a-11de-8226-b8a03c50a862	5451aeec-3783-4995-a77d-ea6d32554abb	Animalia	Chordata	Squamata		Elapidae	Oxyuranus	Oxyuranus microlepidotus		SPECIES	Oxyuranus microlepidotus (Mccoy, 1879)	Oxyuranus microlepidotus	(McCoy, 1879)	AU		South Australia	PRESENT		4d0539cd-a2e0-4a2c-8b7d-ec6718eef764	-29.285053	135.028096							2012-04-01T00:00:00	1	4	2012	2449963	2449963	MATERIAL_SAMPLE	SAMA	AustralianBiologicalTissueCollection	ABTC128448	SH045			CC_BY_4_0					2023-08-26T07:41:55.058Z		CONTINENT_DERIVED_FROM_COORDINATES
223783698	0debafd0-6c8a-11de-8225-b8a03c50a862	3a61548f-5a3b-4830-b05b-b55c09e44b1b	Animalia	Chordata	Squamata		Elapidae	Oxyuranus	Oxyuranus microlepidotus		SPECIES	Oxyuranus microlepidotus (Mccoy, 1879)	Oxyuranus microlepidotus	(McCoy, 1879)	AU	3 MILES N OF LORNA DOWNS HOMESTEAD	Queensland	PRESENT		64bd66c1-e7d3-48d0-9462-488729aed122	-23.3833	140.1667	2000.0	0.01667					1973-01-01T00:00:00	1	1	1973	2449963	2449963	PRESERVED_SPECIMEN	ANWC	Reptiles	R00582	NTR 404			CC_BY_4_0	CSIRO				2023-11-02T16:30:59.812Z		CONTINENT_DERIVED_FROM_COORDINATES;TAXON_MATCH_TAXON_CONCEPT_ID_IGNORED;INSTITUTION_MATCH_FUZZY;INSTITUTION_COLLECTION_MISMATCH
223783697	0debafd0-6c8a-11de-8225-b8a03c50a862	9b946c3d-cf94-4daa-94db-44985bd3250e	Animalia	Chordata	Squamata		Elapidae	Oxyuranus	Oxyuranus microlepidotus		SPECIES	Oxyuranus microlepidotus (Mccoy, 1879)	Oxyuranus microlepidotus	(McCoy, 1879)	AU	0.5 MILES E OF LORNA DOWNS HOMESTEAD	Queensland	PRESENT		64bd66c1-e7d3-48d0-9462-488729aed122	-23.3833	140.1833	2000.0	0.01667					1972-08-03T00:00:00	3	8	1972	2449963	2449963	PRESERVED_SPECIMEN	ANWC	Reptiles	R00581	NTR 308			CC_BY_4_0	CSIRO				2023-11-02T16:31:03.874Z		CONTINENT_DERIVED_FROM_COORDINATES;TAXON_MATCH_TAXON_CONCEPT_ID_IGNORED;INSTITUTION_MATCH_FUZZY;INSTITUTION_COLLECTION_MISMATCH
223783696	0debafd0-6c8a-11de-8225-b8a03c50a862	51e8c5ac-eeb8-47be-b57c-d302ae16f5ce	Animalia	Chordata	Squamata		Elapidae	Oxyuranus	Oxyuranus microlepidotus		SPECIES	Oxyuranus microlepidotus (Mccoy, 1879)	Oxyuranus microlepidotus	(McCoy, 1879)	AU	LORNA DOWNS STATION, SE OF BOULIA	Queensland	PRESENT		64bd66c1-e7d3-48d0-9462-488729aed122	-23.3833	140.1667	2000.0	0.01667					1972-09-01T00:00:00	1	9	1972	2449963	2449963	PRESERVED_SPECIMEN	ANWC	Reptiles	R00580	NTR 352			CC_BY_4_0	CSIRO				2023-11-02T16:31:00.839Z		CONTINENT_DERIVED_FROM_COORDINATES;TAXON_MATCH_TAXON_CONCEPT_ID_IGNORED;INSTITUTION_MATCH_FUZZY;INSTITUTION_COLLECTION_MISMATCH
1915932609	0645ccdb-e001-4ab0-9729-51f1755e007e	0007db98-3a94-4386-895b-ce2471235a21	Animalia	Chordata	Squamata		Elapidae	Oxyuranus	Oxyuranus microlepidotus		SPECIES	Oxyuranus microlepidotus (Mccoy, 1879)	Oxyuranus microlepidotus	(McCoy, 1879)	AU	locality withheld	Queensland	PRESENT	1	ef66652d-3cc3-4140-b268-a07d1e53441b	-24.177907	140.568806	50.0	1.0E-9					2017-10-10T00:00:00	10	10	2017	2449963	2449963	HUMAN_OBSERVATION	NSW Dept of Planning, Industry and Environment	BioNet Atlas of NSW Wildlife	SJJSI0578509				CC_BY_4_0	NSW National Parks and Wildlife Service	OCAM13082900			2023-11-03T01:06:28.086Z		CONTINENT_DERIVED_FROM_COORDINATES;TAXON_MATCH_SCIENTIFIC_NAME_ID_IGNORED;TAXON_MATCH_TAXON_CONCEPT_ID_IGNORED
1915770148	0645ccdb-e001-4ab0-9729-51f1755e007e	ab72d64b-0100-444d-9702-0681779359c4	Animalia	Chordata	Squamata		Elapidae	Oxyuranus	Oxyuranus microlepidotus		SPECIES	Oxyuranus microlepidotus (Mccoy, 1879)	Oxyuranus microlepidotus	(McCoy, 1879)	AU	locality withheld	Queensland	PRESENT	1	ef66652d-3cc3-4140-b268-a07d1e53441b	-24.177907	140.568806	50.0	1.0E-9					2017-10-06T00:00:00	6	10	2017	2449963	2449963	HUMAN_OBSERVATION	NSW Dept of Planning, Industry and Environment	BioNet Atlas of NSW Wildlife	SJJSI0578498				CC_BY_4_0	NSW National Parks and Wildlife Service	OCAM13082900			2023-11-03T00:54:08.128Z		CONTINENT_DERIVED_FROM_COORDINATES;TAXON_MATCH_SCIENTIFIC_NAME_ID_IGNORED;TAXON_MATCH_TAXON_CONCEPT_ID_IGNORED
1806038278	40c0f670-ee87-4576-be9d-2725e0b47035	66dc24e6-c19d-451f-b46e-1923ce90c875	Animalia	Chordata	Squamata		Elapidae	Oxyuranus	Oxyuranus microlepidotus		SPECIES	Oxyuranus microlepidotus (Mccoy, 1879)	Oxyuranus microlepidotus	(McCoy, 1879)	AU		South Australia	PRESENT	1	4c46f883-69c1-42ac-8a20-4cdba2afb9a6	-27.98892	140.07826	100.0						2017-04-21T00:00:00	21	4	2017	2449963	2449963	HUMAN_OBSERVATION			OPR725760-1				CC_BY_4_0		Armstrong, D.M. David		Native	2023-11-09T13:04:28.188Z		CONTINENT_DERIVED_FROM_COORDINATES;TAXON_MATCH_TAXON_CONCEPT_ID_IGNORED;TAXON_MATCH_TAXON_ID_IGNORED
1638318323	40c0f670-ee87-4576-be9d-2725e0b47035	494d9809-561a-4980-a103-59af5bd3c0a3	Animalia	Chordata	Squamata		Elapidae	Oxyuranus	Oxyuranus microlepidotus		SPECIES	Oxyuranus microlepidotus (Mccoy, 1879)	Oxyuranus microlepidotus	(McCoy, 1879)	AU		South Australia	PRESENT		4c46f883-69c1-42ac-8a20-4cdba2afb9a6	-26.06153	139.13623	50.0						2001-03-24T00:00:00	24	3	2001	2449963	2449963	HUMAN_OBSERVATION			SUR18041-93330				CC_BY_4_0		Robinson, A.C. Tony;Hopton, D. Debbie;Brandle, R. Robert;Foulkes, J.N. Jeff		Native	2023-11-09T13:04:22.472Z		CONTINENT_DERIVED_FROM_COORDINATES;TAXON_MATCH_TAXON_CONCEPT_ID_IGNORED;TAXON_MATCH_TAXON_ID_IGNORED
1637963482	40c0f670-ee87-4576-be9d-2725e0b47035	951cc257-dda3-4328-88aa-29e53d2d9406	Animalia	Chordata	Squamata		Elapidae	Oxyuranus	Oxyuranus microlepidotus		SPECIES	Oxyuranus microlepidotus (Mccoy, 1879)	Oxyuranus microlepidotus	(McCoy, 1879)	AU		South Australia	PRESENT	1	4c46f883-69c1-42ac-8a20-4cdba2afb9a6	-29.29428	135.12036	1000.0						2016-10-30T00:00:00	30	10	2016	2449963	2449963	HUMAN_OBSERVATION			OPR722576-11				CC_BY_4_0		Harte, S. Scott;Hall, D. Dave		Native	2023-11-09T13:05:22.751Z		CONTINENT_DERIVED_FROM_COORDINATES;TAXON_MATCH_TAXON_CONCEPT_ID_IGNORED;TAXON_MATCH_TAXON_ID_IGNORED
1637963425	40c0f670-ee87-4576-be9d-2725e0b47035	2d653c8e-acd2-488b-92bc-369f1ba7473f	Animalia	Chordata	Squamata		Elapidae	Oxyuranus	Oxyuranus microlepidotus		SPECIES	Oxyuranus microlepidotus (Mccoy, 1879)	Oxyuranus microlepidotus	(McCoy, 1879)	AU		South Australia	PRESENT	1	4c46f883-69c1-42ac-8a20-4cdba2afb9a6	-29.29428	135.12036	1000.0						2016-10-29T00:00:00	29	10	2016	2449963	2449963	HUMAN_OBSERVATION			OPR722573-5				CC_BY_4_0		Harte, S. Scott;Hall, D. Dave		Native	2023-11-09T13:04:11.299Z		CONTINENT_DERIVED_FROM_COORDINATES;TAXON_MATCH_TAXON_CONCEPT_ID_IGNORED;TAXON_MATCH_TAXON_ID_IGNORED
1637961651	40c0f670-ee87-4576-be9d-2725e0b47035	b41ff721-b92f-4276-ba2a-7364ea8d7b91	Animalia	Chordata	Squamata		Elapidae	Oxyuranus	Oxyuranus microlepidotus		SPECIES	Oxyuranus microlepidotus (Mccoy, 1879)	Oxyuranus microlepidotus	(McCoy, 1879)	AU		South Australia	PRESENT		4c46f883-69c1-42ac-8a20-4cdba2afb9a6	-28.52916	134.92361	50.0						2013-08-21T00:00:00	21	8	2013	2449963	2449963	HUMAN_OBSERVATION			OPR668932-1				CC_BY_4_0		Scutchings, J. Jenny		Native	2023-11-09T13:04:42.185Z		CONTINENT_DERIVED_FROM_COORDINATES;TAXON_MATCH_TAXON_CONCEPT_ID_IGNORED;TAXON_MATCH_TAXON_ID_IGNORED
1637952250	40c0f670-ee87-4576-be9d-2725e0b47035	33519956-1675-408b-9534-5e63e46bb346	Animalia	Chordata	Squamata		Elapidae	Oxyuranus	Oxyuranus microlepidotus		SPECIES	Oxyuranus microlepidotus (Mccoy, 1879)	Oxyuranus microlepidotus	(McCoy, 1879)	AU		South Australia	PRESENT	1	4c46f883-69c1-42ac-8a20-4cdba2afb9a6	-29.29047	135.07228	1000.0						2012-09-09T00:00:00	9	9	2012	2449963	2449963	HUMAN_OBSERVATION			OPR517021-1				CC_BY_4_0		Pedler, R. Reece		Native	2023-11-09T13:04:17.038Z		CONTINENT_DERIVED_FROM_COORDINATES;TAXON_MATCH_TAXON_CONCEPT_ID_IGNORED;TAXON_MATCH_TAXON_ID_IGNORED
1637948691	40c0f670-ee87-4576-be9d-2725e0b47035	eedbf663-c93b-4d16-8abd-7a724ac1e543	Animalia	Chordata	Squamata		Elapidae	Oxyuranus	Oxyuranus microlepidotus		SPECIES	Oxyuranus microlepidotus (Mccoy, 1879)	Oxyuranus microlepidotus	(McCoy, 1879)	AU		South Australia	PRESENT	1	4c46f883-69c1-42ac-8a20-4cdba2afb9a6	-29.28505	135.0281	50.0						2012-04-26T00:00:00	26	4	2012	2449963	2449963	HUMAN_OBSERVATION			OPR429294-1				CC_BY_4_0		Read, J.L. John		Native	2023-11-09T13:04:46.307Z		CONTINENT_DERIVED_FROM_COORDINATES;TAXON_MATCH_TAXON_CONCEPT_ID_IGNORED;TAXON_MATCH_TAXON_ID_IGNORED
1637948345	40c0f670-ee87-4576-be9d-2725e0b47035	c2f44420-036e-494f-8695-ce86d84442dc	Animalia	Chordata	Squamata		Elapidae	Oxyuranus	Oxyuranus microlepidotus		SPECIES	Oxyuranus microlepidotus (Mccoy, 1879)	Oxyuranus microlepidotus	(McCoy, 1879)	AU		South Australia	PRESENT	1	4c46f883-69c1-42ac-8a20-4cdba2afb9a6	-27.05766	138.77091	1000.0						2012-04-15T00:00:00	15	4	2012	2449963	2449963	HUMAN_OBSERVATION			OPR426553-1				CC_BY_4_0		Pedler, R. Reece		Native	2023-11-09T13:04:45.801Z		CONTINENT_DERIVED_FROM_COORDINATES;TAXON_MATCH_TAXON_CONCEPT_ID_IGNORED;TAXON_MATCH_TAXON_ID_IGNORED
1637947308	40c0f670-ee87-4576-be9d-2725e0b47035	dff48d5c-607e-419b-b96e-afd1d6a372c9	Animalia	Chordata	Squamata		Elapidae	Oxyuranus	Oxyuranus microlepidotus		SPECIES	Oxyuranus microlepidotus (Mccoy, 1879)	Oxyuranus microlepidotus	(McCoy, 1879)	AU	Kanku-Breakaways (CP)	South Australia	PRESENT	1	4c46f883-69c1-42ac-8a20-4cdba2afb9a6	-28.90524	134.82562	10000.0						1994-01-01T00:00:00	1	1	1994	2449963	2449963	HUMAN_OBSERVATION			OPR419331-1				CC_BY_4_0		Read, J.L. John		Native	2023-11-09T13:05:36.229Z		CONTINENT_DERIVED_FROM_COORDINATES;TAXON_MATCH_TAXON_CONCEPT_ID_IGNORED;TAXON_MATCH_TAXON_ID_IGNORED
1637947285	40c0f670-ee87-4576-be9d-2725e0b47035	2da764a0-fe4c-4057-9ce4-b1be288b457e	Animalia	Chordata	Squamata		Elapidae	Oxyuranus	Oxyuranus microlepidotus		SPECIES	Oxyuranus microlepidotus (Mccoy, 1879)	Oxyuranus microlepidotus	(McCoy, 1879)	AU		South Australia	PRESENT	1	4c46f883-69c1-42ac-8a20-4cdba2afb9a6	-29.03804	135.01541	1000.0						1992-04-01T00:00:00	1	4	1992	2449963	2449963	HUMAN_OBSERVATION			OPR419333-1				CC_BY_4_0		Read, J.L. John		Native	2023-11-09T13:05:01.211Z		CONTINENT_DERIVED_FROM_COORDINATES;TAXON_MATCH_TAXON_CONCEPT_ID_IGNORED;TAXON_MATCH_TAXON_ID_IGNORED
1637940045	40c0f670-ee87-4576-be9d-2725e0b47035	0dd73e24-f782-470d-944e-2ac993d783a9	Animalia	Chordata	Squamata		Elapidae	Oxyuranus	Oxyuranus microlepidotus		SPECIES	Oxyuranus microlepidotus (Mccoy, 1879)	Oxyuranus microlepidotus	(McCoy, 1879)	AU		South Australia	PRESENT	1	4c46f883-69c1-42ac-8a20-4cdba2afb9a6	-27.75807	140.05875	50.0						2008-09-29T00:00:00	29	9	2008	2449963	2449963	HUMAN_OBSERVATION			OPR411801-1				CC_BY_4_0		Pedler, R. Reece		Native	2023-11-09T13:04:00.350Z		CONTINENT_DERIVED_FROM_COORDINATES;TAXON_MATCH_TAXON_CONCEPT_ID_IGNORED;TAXON_MATCH_TAXON_ID_IGNORED
1637929866	40c0f670-ee87-4576-be9d-2725e0b47035	c999efe9-a06b-49dc-ae5d-83095f3b435f	Animalia	Chordata	Squamata		Elapidae	Oxyuranus	Oxyuranus microlepidotus		SPECIES	Oxyuranus microlepidotus (Mccoy, 1879)	Oxyuranus microlepidotus	(McCoy, 1879)	AU		South Australia	PRESENT		4c46f883-69c1-42ac-8a20-4cdba2afb9a6	-29.03466	135.08041	250.0						1993-09-12T00:00:00	12	9	1993	2449963	2449963	HUMAN_OBSERVATION			OPR198778-1811273				CC_BY_4_0		Read, J.L. John		Native	2023-11-09T13:04:45.920Z		CONTINENT_DERIVED_FROM_COORDINATES;TAXON_MATCH_TAXON_CONCEPT_ID_IGNORED;TAXON_MATCH_TAXON_ID_IGNORED
1637929739	40c0f670-ee87-4576-be9d-2725e0b47035	7b42d61b-4da0-478b-9582-185fc4e91f34	Animalia	Chordata	Squamata		Elapidae	Oxyuranus	Oxyuranus microlepidotus		SPECIES	Oxyuranus microlepidotus (Mccoy, 1879)	Oxyuranus microlepidotus	(McCoy, 1879)	AU		South Australia	PRESENT		4c46f883-69c1-42ac-8a20-4cdba2afb9a6	-28.87206	134.79418	100.0						1993-09-06T00:00:00	6	9	1993	2449963	2449963	HUMAN_OBSERVATION			OPR198681-1811271				CC_BY_4_0		Read, J.L. John		Native	2023-11-09T13:04:28.014Z		CONTINENT_DERIVED_FROM_COORDINATES;TAXON_MATCH_TAXON_CONCEPT_ID_IGNORED;TAXON_MATCH_TAXON_ID_IGNORED
1637929681	40c0f670-ee87-4576-be9d-2725e0b47035	6cdd748a-35a5-41a3-916f-e2fa0be0f45b	Animalia	Chordata	Squamata		Elapidae	Oxyuranus	Oxyuranus microlepidotus		SPECIES	Oxyuranus microlepidotus (Mccoy, 1879)	Oxyuranus microlepidotus	(McCoy, 1879)	AU		South Australia	PRESENT		4c46f883-69c1-42ac-8a20-4cdba2afb9a6	-28.99384	134.75493	500.0						1993-01-01T00:00:00	1	1	1993	2449963	2449963	HUMAN_OBSERVATION			OPR198672-1811272				CC_BY_4_0		Read, J.L. John		Native	2023-11-09T13:04:29.413Z		CONTINENT_DERIVED_FROM_COORDINATES;TAXON_MATCH_TAXON_CONCEPT_ID_IGNORED;TAXON_MATCH_TAXON_ID_IGNORED
1632710335	fa375330-6c8a-11de-8226-b8a03c50a862	972fa002-094c-4022-a6c2-a9480aead814	Animalia	Chordata	Squamata		Elapidae	Oxyuranus	Oxyuranus microlepidotus		SPECIES	Oxyuranus microlepidotus (Mccoy, 1879)	Oxyuranus microlepidotus	(McCoy, 1879)	AU		Queensland	PRESENT		4d0539cd-a2e0-4a2c-8b7d-ec6718eef764	-25.4667	142.5		1.0E-4					2005-01-31T00:00:00	31	1	2005	2449963	2449963	MATERIAL_SAMPLE	SAMA	AustralianBiologicalTissueCollection	ABTC82463				CC_BY_4_0					2023-08-26T07:41:49.104Z		CONTINENT_DERIVED_FROM_COORDINATES
1632689128	fa375330-6c8a-11de-8226-b8a03c50a862	8b8e9c38-5a81-4b8d-9eaf-4e18f00cdcec	Animalia	Chordata	Squamata		Elapidae	Oxyuranus	Oxyuranus microlepidotus		SPECIES	Oxyuranus microlepidotus (Mccoy, 1879)	Oxyuranus microlepidotus	(McCoy, 1879)	AU		South Australia	PRESENT		4d0539cd-a2e0-4a2c-8b7d-ec6718eef764	-28.85	134.88		0.01					1997-09-25T00:00:00	25	9	1997	2449963	2449963	MATERIAL_SAMPLE	SAMA	AustralianBiologicalTissueCollection	ABTC58708				CC_BY_4_0					2023-08-26T07:41:48.893Z		CONTINENT_DERIVED_FROM_COORDINATES
1632684614	fa375330-6c8a-11de-8226-b8a03c50a862	22d68b32-8adf-450c-a2de-7f3ff3c7a9ce	Animalia	Chordata	Squamata		Elapidae	Oxyuranus	Oxyuranus microlepidotus		SPECIES	Oxyuranus microlepidotus (Mccoy, 1879)	Oxyuranus microlepidotus	(McCoy, 1879)	AU		South Australia	PRESENT		4d0539cd-a2e0-4a2c-8b7d-ec6718eef764	-26.77	139.13		0.01					1981-04-30T00:00:00	30	4	1981	2449963	2449963	MATERIAL_SAMPLE	SAMA	AustralianBiologicalTissueCollection	ABTC56237.3				CC_BY_4_0					2023-08-26T07:41:44.826Z		CONTINENT_DERIVED_FROM_COORDINATES
1632684611	fa375330-6c8a-11de-8226-b8a03c50a862	975fc8cf-46c9-49cd-ad1c-1070aadc356c	Animalia	Chordata	Squamata		Elapidae	Oxyuranus	Oxyuranus microlepidotus		SPECIES	Oxyuranus microlepidotus (Mccoy, 1879)	Oxyuranus microlepidotus	(McCoy, 1879)	AU		South Australia	PRESENT		4d0539cd-a2e0-4a2c-8b7d-ec6718eef764	-26.77	139.13		0.01					1981-04-30T00:00:00	30	4	1981	2449963	2449963	MATERIAL_SAMPLE	SAMA	AustralianBiologicalTissueCollection	ABTC56237.2				CC_BY_4_0					2023-08-26T07:41:49.320Z		CONTINENT_DERIVED_FROM_COORDINATES
1632684607	fa375330-6c8a-11de-8226-b8a03c50a862	35b9a41c-e1da-4746-8735-73a9a204137a	Animalia	Chordata	Squamata		Elapidae	Oxyuranus	Oxyuranus microlepidotus		SPECIES	Oxyuranus microlepidotus (Mccoy, 1879)	Oxyuranus microlepidotus	(McCoy, 1879)	AU		South Australia	PRESENT		4d0539cd-a2e0-4a2c-8b7d-ec6718eef764	-26.77	139.13		0.01					1981-04-30T00:00:00	30	4	1981	2449963	2449963	MATERIAL_SAMPLE	SAMA	AustralianBiologicalTissueCollection	ABTC56237.5				CC_BY_4_0					2023-08-26T07:41:55.029Z		CONTINENT_DERIVED_FROM_COORDINATES
1632684605	fa375330-6c8a-11de-8226-b8a03c50a862	efca3e93-be79-417c-8d34-b1d2d2b75820	Animalia	Chordata	Squamata		Elapidae	Oxyuranus	Oxyuranus microlepidotus		SPECIES	Oxyuranus microlepidotus (Mccoy, 1879)	Oxyuranus microlepidotus	(McCoy, 1879)	AU		South Australia	PRESENT		4d0539cd-a2e0-4a2c-8b7d-ec6718eef764	-26.77	139.13		0.01					1981-04-30T00:00:00	30	4	1981	2449963	2449963	MATERIAL_SAMPLE	SAMA	AustralianBiologicalTissueCollection	ABTC56237.6				CC_BY_4_0					2023-08-26T07:41:51.554Z		CONTINENT_DERIVED_FROM_COORDINATES
1632684602	fa375330-6c8a-11de-8226-b8a03c50a862	0b1a40c2-2a66-495a-8db1-c1c2ea643b91	Animalia	Chordata	Squamata		Elapidae	Oxyuranus	Oxyuranus microlepidotus		SPECIES	Oxyuranus microlepidotus (Mccoy, 1879)	Oxyuranus microlepidotus	(McCoy, 1879)	AU		South Australia	PRESENT		4d0539cd-a2e0-4a2c-8b7d-ec6718eef764	-26.77	139.13		0.01					1981-04-30T00:00:00	30	4	1981	2449963	2449963	MATERIAL_SAMPLE	SAMA	AustralianBiologicalTissueCollection	ABTC56237.1				CC_BY_4_0					2023-08-26T07:41:52.731Z		CONTINENT_DERIVED_FROM_COORDINATES
1632684601	fa375330-6c8a-11de-8226-b8a03c50a862	c9d66bfa-6738-4f72-82c9-7825f53be282	Animalia	Chordata	Squamata		Elapidae	Oxyuranus	Oxyuranus microlepidotus		SPECIES	Oxyuranus microlepidotus (Mccoy, 1879)	Oxyuranus microlepidotus	(McCoy, 1879)	AU		South Australia	PRESENT		4d0539cd-a2e0-4a2c-8b7d-ec6718eef764	-26.77	139.13		0.01					1981-04-30T00:00:00	30	4	1981	2449963	2449963	MATERIAL_SAMPLE	SAMA	AustralianBiologicalTissueCollection	ABTC56237.4				CC_BY_4_0					2023-08-26T07:41:50.664Z		CONTINENT_DERIVED_FROM_COORDINATES
1632614374	fa375330-6c8a-11de-8226-b8a03c50a862	37ae05dc-de00-47eb-a1cd-06e30f14878d	Animalia	Chordata	Squamata		Elapidae	Oxyuranus	Oxyuranus microlepidotus		SPECIES	Oxyuranus microlepidotus (Mccoy, 1879)	Oxyuranus microlepidotus	(McCoy, 1879)	AU		South Australia	PRESENT	1	4d0539cd-a2e0-4a2c-8b7d-ec6718eef764	-29.3833	135.2289		1.0E-4					2012-11-28T00:00:00	28	11	2012	2449963	2449963	MATERIAL_SAMPLE	SAMA	AustralianBiologicalTissueCollection	ABTC125073	EBS666			CC_BY_4_0					2023-08-26T07:41:54.394Z		CONTINENT_DERIVED_FROM_COORDINATES
1632613535	fa375330-6c8a-11de-8226-b8a03c50a862	ffb9f182-2996-45e5-a440-fe9967472638	Animalia	Chordata	Squamata		Elapidae	Oxyuranus	Oxyuranus microlepidotus		SPECIES	Oxyuranus microlepidotus (Mccoy, 1879)	Oxyuranus microlepidotus	(McCoy, 1879)	AU		South Australia	PRESENT		4d0539cd-a2e0-4a2c-8b7d-ec6718eef764	-28.6364	134.9431		1.0E-4					2012-09-11T00:00:00	11	9	2012	2449963	2449963	MATERIAL_SAMPLE	SAMA	AustralianBiologicalTissueCollection	ABTC123710				CC_BY_4_0					2023-08-26T07:41:59.149Z		CONTINENT_DERIVED_FROM_COORDINATES
1632605746	fa375330-6c8a-11de-8226-b8a03c50a862	3a372b04-714a-4d0e-93d6-d4fafb540fc8	Animalia	Chordata	Squamata		Elapidae	Oxyuranus	Oxyuranus microlepidotus		SPECIES	Oxyuranus microlepidotus (Mccoy, 1879)	Oxyuranus microlepidotus	(McCoy, 1879)	AU		South Australia	PRESENT	1	4d0539cd-a2e0-4a2c-8b7d-ec6718eef764	-29.0407	135.1191		1.0E-4					2011-01-01T00:00:00			2011	2449963	2449963	MATERIAL_SAMPLE	SAMA	AustralianBiologicalTissueCollection	ABTC117001	SH023			CC_BY_4_0					2023-08-26T07:41:55.275Z		CONTINENT_DERIVED_FROM_COORDINATES
1272471337	39905320-6c8a-11de-8226-b8a03c50a862	0cc2373a-bb97-457f-a71d-e056c3e5d5cd	Animalia	Chordata	Squamata		Elapidae	Oxyuranus	Oxyuranus microlepidotus		SPECIES	Oxyuranus microlepidotus (Mccoy, 1879)	Oxyuranus microlepidotus	(McCoy, 1879)	AU	died in captivity - parents from Goyder Lagoon, SA	South Australia	PRESENT	1	4cff2aca-5ce5-4028-88e6-d79b6449173a	-26.7	139.18							2008-08-08T00:00:00	8	8	2008	2449963	2449963	PRESERVED_SPECIMEN	NMV	Herpetology	D73719		Rory O'Brien - Museum Victoria	2008-08-12T00:00:00	CC0_1_0	Museums Victoria	Hoser, Raymond;Busters, Snake			2023-09-27T15:56:38.765Z		CONTINENT_DERIVED_FROM_COORDINATES;RECORDED_DATE_INVALID;INSTITUTION_COLLECTION_MISMATCH
1272443406	39905320-6c8a-11de-8226-b8a03c50a862	9db9b51d-27d0-4db5-8532-e91c1238178e	Animalia	Chordata	Squamata		Elapidae	Oxyuranus	Oxyuranus microlepidotus		SPECIES	Oxyuranus microlepidotus (Mccoy, 1879)	Oxyuranus microlepidotus	(McCoy, 1879)	AU	Waverney Station	Queensland	PRESENT	1	4cff2aca-5ce5-4028-88e6-d79b6449173a	-25.35	141.93							1975-09-12T00:00:00	12	9	1975	2449963	2449963	PRESERVED_SPECIMEN	NMV	Herpetology	D47361-1				CC0_1_0	Museums Victoria	Tanner, Charles;National Museum of Victoria			2023-09-27T15:56:57.984Z		CONTINENT_DERIVED_FROM_COORDINATES;RECORDED_DATE_INVALID;INSTITUTION_COLLECTION_MISMATCH
1272443383	39905320-6c8a-11de-8226-b8a03c50a862	0eefa161-1f00-4d0d-bdad-1d70e2eec0b3	Animalia	Chordata	Squamata		Elapidae	Oxyuranus	Oxyuranus microlepidotus		SPECIES	Oxyuranus microlepidotus (Mccoy, 1879)	Oxyuranus microlepidotus	(McCoy, 1879)	AU	Waverney Station	Queensland	PRESENT	1	4cff2aca-5ce5-4028-88e6-d79b6449173a	-25.35	141.93							1975-09-12T00:00:00	12	9	1975	2449963	2449963	PRESERVED_SPECIMEN	NMV	Herpetology	D47361				CC0_1_0	Museums Victoria	Tanner, Charles;National Museum of Victoria			2023-09-27T15:57:11.374Z		CONTINENT_DERIVED_FROM_COORDINATES;RECORDED_DATE_INVALID;INSTITUTION_COLLECTION_MISMATCH
1272280874	39905320-6c8a-11de-8226-b8a03c50a862	2d5c72ba-b138-4538-a728-b857c063f1da	Animalia	Chordata	Squamata		Elapidae	Oxyuranus	Oxyuranus microlepidotus		SPECIES	Oxyuranus microlepidotus (Mccoy, 1879)	Oxyuranus microlepidotus	(McCoy, 1879)	AU	died in captivity - parents from Goyder Lagoon, SA	South Australia	PRESENT	1	4cff2aca-5ce5-4028-88e6-d79b6449173a	-26.7	139.18							2008-08-08T00:00:00	8	8	2008	2449963	2449963	MATERIAL_SAMPLE	NMV	DNA Laboratory	Z8969		Rory O'Brien - Museum Victoria	2008-08-12T00:00:00	CC0_1_0	Museums Victoria	Hoser, Raymond;Busters, Snake			2023-09-27T15:57:17.032Z		CONTINENT_DERIVED_FROM_COORDINATES;RECORDED_DATE_INVALID
1100484014	dce8feb0-6c89-11de-8225-b8a03c50a862	ccc4b4c0-734b-46ae-9a48-abcda8536252	Animalia	Chordata	Squamata		Elapidae	Oxyuranus	Oxyuranus microlepidotus		SPECIES	Oxyuranus microlepidotus (Mccoy, 1879)	Oxyuranus microlepidotus	(McCoy, 1879)	AU		Queensland	PRESENT		770c30d2-c2a8-4bb2-8056-6167297cddae	-23.416	140.166	10000.0	0.001					1973-07-17T00:00:00	17	7	1973	2449963	2449963	PRESERVED_SPECIMEN	AM	Herpetology	R.48117				CC_BY_4_0		Wombey, J			2023-09-27T17:02:19.181Z		CONTINENT_DERIVED_FROM_COORDINATES;TAXON_MATCH_TAXON_CONCEPT_ID_IGNORED;INSTITUTION_MATCH_FUZZY;INSTITUTION_COLLECTION_MISMATCH
1100374712	dce8feb0-6c89-11de-8225-b8a03c50a862	e3e2865c-45e4-45df-add4-d1144ec896b4	Animalia	Chordata	Squamata		Elapidae	Oxyuranus	Oxyuranus microlepidotus		SPECIES	Oxyuranus microlepidotus (Mccoy, 1879)	Oxyuranus microlepidotus	(McCoy, 1879)	AU		Queensland	PRESENT		770c30d2-c2a8-4bb2-8056-6167297cddae	-24.116	140.533	10000.0	0.001					1983-11-12T00:00:00	12	11	1983	2449963	2449963	PRESERVED_SPECIMEN	AM	Herpetology	R.110570				CC_BY_4_0		Atherton, Porter			2023-09-27T16:59:49.601Z		CONTINENT_DERIVED_FROM_COORDINATES;TAXON_MATCH_TAXON_CONCEPT_ID_IGNORED;INSTITUTION_MATCH_FUZZY;INSTITUTION_COLLECTION_MISMATCH
1066589494	a79c2b50-6c8a-11de-8226-b8a03c50a862	20a90bc3-e2db-41bd-b84c-0474fdff3f21	Animalia	Chordata	Squamata		Elapidae	Oxyuranus	Oxyuranus microlepidotus		SPECIES	Oxyuranus microlepidotus (Mccoy, 1879)	Oxyuranus microlepidotus	(McCoy, 1879)	AU	Davenport	Queensland	PRESENT	1	f9d3db7d-6ee9-4fbf-bd4c-e5d0f0bd26c6	-24.162565	141.125149	500.0	0.01667					2007-11-11T00:00:00	11	11	2007	2449963	2449963	PRESERVED_SPECIMEN	QM	Herpetology	J86279				CC_BY_4_0					2023-09-27T16:27:22.372Z		COORDINATE_ROUNDED;CONTINENT_DERIVED_FROM_COORDINATES;INSTITUTION_MATCH_FUZZY;COLLECTION_MATCH_FUZZY
1066547008	a79c2b50-6c8a-11de-8226-b8a03c50a862	df200476-cb08-49a5-b417-6504995dd5ab	Animalia	Chordata	Squamata		Elapidae	Oxyuranus	Oxyuranus microlepidotus		SPECIES	Oxyuranus microlepidotus (Mccoy, 1879)	Oxyuranus microlepidotus	(McCoy, 1879)	AU	Durrie Stn	Queensland	PRESENT		f9d3db7d-6ee9-4fbf-bd4c-e5d0f0bd26c6	-25.65	140.233333							1967-09-15T00:00:00	15	9	1967	2449963	2449963	PRESERVED_SPECIMEN	QM	Herpetology	J46315				CC_BY_4_0					2023-09-27T16:28:05.598Z		CONTINENT_DERIVED_FROM_COORDINATES;INSTITUTION_MATCH_FUZZY;COLLECTION_MATCH_FUZZY
1066546150	a79c2b50-6c8a-11de-8226-b8a03c50a862	31397e36-99f0-4680-990d-ad8bd3eba644	Animalia	Chordata	Squamata		Elapidae	Oxyuranus	Oxyuranus microlepidotus		SPECIES	Oxyuranus microlepidotus (Mccoy, 1879)	Oxyuranus microlepidotus	(McCoy, 1879)	AU	Durrie Stn, via Birdsville	Queensland	PRESENT		f9d3db7d-6ee9-4fbf-bd4c-e5d0f0bd26c6	-25.633333	140.233333							1985-08-16T00:00:00	16	8	1985	2449963	2449963	PRESERVED_SPECIMEN	QM	Herpetology	J45513				CC_BY_4_0					2023-09-27T16:28:16.236Z		CONTINENT_DERIVED_FROM_COORDINATES;INSTITUTION_MATCH_FUZZY;COLLECTION_MATCH_FUZZY
1066542332	a79c2b50-6c8a-11de-8226-b8a03c50a862	fce5d714-51f4-415e-a175-e4f2445bdb5e	Animalia	Chordata	Squamata		Elapidae	Oxyuranus	Oxyuranus microlepidotus		SPECIES	Oxyuranus microlepidotus (Mccoy, 1879)	Oxyuranus microlepidotus	(McCoy, 1879)	AU	Coorabulka Stn, Terriboah Waterhole	Queensland	PRESENT		f9d3db7d-6ee9-4fbf-bd4c-e5d0f0bd26c6	-24.066667	140.066667							1982-03-02T00:00:00	2	3	1982	2449963	2449963	PRESERVED_SPECIMEN	QM	Herpetology	J41845				CC_BY_4_0					2023-09-27T16:28:09.288Z		CONTINENT_DERIVED_FROM_COORDINATES;INSTITUTION_MATCH_FUZZY;COLLECTION_MATCH_FUZZY
1066541290	a79c2b50-6c8a-11de-8226-b8a03c50a862	396f75b4-9bad-4510-8e2c-0dc7cb8fe5b0	Animalia	Chordata	Squamata		Elapidae	Oxyuranus	Oxyuranus microlepidotus		SPECIES	Oxyuranus microlepidotus (Mccoy, 1879)	Oxyuranus microlepidotus	(McCoy, 1879)	AU	Birdsville, 6km E, on Main Rd, channel Diamentina	Queensland	PRESENT		f9d3db7d-6ee9-4fbf-bd4c-e5d0f0bd26c6	-25.916667	139.416667							1982-05-12T00:00:00	12	5	1982	2449963	2449963	PRESERVED_SPECIMEN	QM	Herpetology	J40916				CC_BY_4_0					2023-09-27T16:28:22.297Z		CONTINENT_DERIVED_FROM_COORDINATES;INSTITUTION_MATCH_FUZZY;COLLECTION_MATCH_FUZZY
1066537403	a79c2b50-6c8a-11de-8226-b8a03c50a862	747e6b70-5ed7-49a3-88f9-76ef8d3763d2	Animalia	Chordata	Squamata		Elapidae	Oxyuranus	Oxyuranus microlepidotus		SPECIES	Oxyuranus microlepidotus (Mccoy, 1879)	Oxyuranus microlepidotus	(McCoy, 1879)	AU	Morney Plain, 107 km W Windorah	Queensland	PRESENT	1	f9d3db7d-6ee9-4fbf-bd4c-e5d0f0bd26c6	-25.35	141.516667							1979-09-14T00:00:00	14	9	1979	2449963	2449963	PRESERVED_SPECIMEN	QM	Herpetology	J37198				CC_BY_4_0					2023-09-27T16:28:23.957Z		CONTINENT_DERIVED_FROM_COORDINATES;INSTITUTION_MATCH_FUZZY;COLLECTION_MATCH_FUZZY
1066537365	a79c2b50-6c8a-11de-8226-b8a03c50a862	77af2d17-28a0-452c-81cd-c23ffbdd3abd	Animalia	Chordata	Squamata		Elapidae	Oxyuranus	Oxyuranus microlepidotus		SPECIES	Oxyuranus microlepidotus (Mccoy, 1879)	Oxyuranus microlepidotus	(McCoy, 1879)	AU	Morney Plain, 107 km W Windorah	Queensland	PRESENT	1	f9d3db7d-6ee9-4fbf-bd4c-e5d0f0bd26c6	-25.35	141.516667							1979-09-14T00:00:00	14	9	1979	2449963	2449963	PRESERVED_SPECIMEN	QM	Herpetology	J37199				CC_BY_4_0					2023-09-27T16:28:29.184Z		CONTINENT_DERIVED_FROM_COORDINATES;INSTITUTION_MATCH_FUZZY;COLLECTION_MATCH_FUZZY
1066536940	a79c2b50-6c8a-11de-8226-b8a03c50a862	d6afcb74-177a-4c6b-9a4e-3c3b97c133a4	Animalia	Chordata	Squamata		Elapidae	Oxyuranus	Oxyuranus microlepidotus		SPECIES	Oxyuranus microlepidotus (Mccoy, 1879)	Oxyuranus microlepidotus	(McCoy, 1879)	AU	Morney Stn, Morney Plain, Kruses Bore,via Windorah	Queensland	PRESENT	1	f9d3db7d-6ee9-4fbf-bd4c-e5d0f0bd26c6	-26.45	141.666667							1978-09-25T00:00:00	25	9	1978	2449963	2449963	PRESERVED_SPECIMEN	QM	Herpetology	J36748				CC_BY_4_0					2023-09-27T16:28:40.175Z		CONTINENT_DERIVED_FROM_COORDINATES;INSTITUTION_MATCH_FUZZY;COLLECTION_MATCH_FUZZY
1066536913	a79c2b50-6c8a-11de-8226-b8a03c50a862	8130d08a-bacf-46a7-98f0-2e69439eec68	Animalia	Chordata	Squamata		Elapidae	Oxyuranus	Oxyuranus microlepidotus		SPECIES	Oxyuranus microlepidotus (Mccoy, 1879)	Oxyuranus microlepidotus	(McCoy, 1879)	AU	Morney Stn, Morney Plain, Kruses Bore,via Windorah	Queensland	PRESENT		f9d3db7d-6ee9-4fbf-bd4c-e5d0f0bd26c6	-26.45	141.666667							1978-09-25T00:00:00	25	9	1978	2449963	2449963	PRESERVED_SPECIMEN	QM	Herpetology	J36749				CC_BY_4_0					2023-09-27T16:27:50.268Z		CONTINENT_DERIVED_FROM_COORDINATES;INSTITUTION_MATCH_FUZZY;COLLECTION_MATCH_FUZZY
1066530048	a79c2b50-6c8a-11de-8226-b8a03c50a862	7eacf886-c558-45a3-ac21-756ac3e9e9b2	Animalia	Chordata	Squamata		Elapidae	Oxyuranus	Oxyuranus microlepidotus		SPECIES	Oxyuranus microlepidotus (Mccoy, 1879)	Oxyuranus microlepidotus	(McCoy, 1879)	AU	Hamilton Hotel area, Boulia to Middleton	Queensland	PRESENT		f9d3db7d-6ee9-4fbf-bd4c-e5d0f0bd26c6	-22.766667	140.583333							1977-08-30T00:00:00	30	8	1977	2449963	2449963	PRESERVED_SPECIMEN	QM	Herpetology	J30216				CC_BY_4_0					2023-09-27T16:27:48.458Z		CONTINENT_DERIVED_FROM_COORDINATES;INSTITUTION_MATCH_FUZZY;COLLECTION_MATCH_FUZZY
1066526217	a79c2b50-6c8a-11de-8226-b8a03c50a862	c2cb6f26-f884-487c-a522-9503477be46b	Animalia	Chordata	Squamata		Elapidae	Oxyuranus	Oxyuranus microlepidotus		SPECIES	Oxyuranus microlepidotus (Mccoy, 1879)	Oxyuranus microlepidotus	(McCoy, 1879)	AU	Morney Plain, Waverney	Queensland	PRESENT		f9d3db7d-6ee9-4fbf-bd4c-e5d0f0bd26c6	-25.35	141.933333							1975-09-13T00:00:00	13	9	1975	2449963	2449963	PRESERVED_SPECIMEN	QM	Herpetology	J26540				CC_BY_4_0					2023-09-27T16:28:32.742Z		CONTINENT_DERIVED_FROM_COORDINATES;INSTITUTION_MATCH_FUZZY;COLLECTION_MATCH_FUZZY
1066526197	a79c2b50-6c8a-11de-8226-b8a03c50a862	db0e808d-d4df-4a43-b5aa-346c8f820b9e	Animalia	Chordata	Squamata		Elapidae	Oxyuranus	Oxyuranus microlepidotus		SPECIES	Oxyuranus microlepidotus (Mccoy, 1879)	Oxyuranus microlepidotus	(McCoy, 1879)	AU	Morney Plain, via Windorah	Queensland	PRESENT	1	f9d3db7d-6ee9-4fbf-bd4c-e5d0f0bd26c6	-25.35	141.516667							1975-09-09T00:00:00	9	9	1975	2449963	2449963	PRESERVED_SPECIMEN	QM	Herpetology	J26517				CC_BY_4_0					2023-09-27T16:28:39.585Z		CONTINENT_DERIVED_FROM_COORDINATES;INSTITUTION_MATCH_FUZZY;COLLECTION_MATCH_FUZZY
1066526176	a79c2b50-6c8a-11de-8226-b8a03c50a862	4bd2d406-4c57-40a4-ad89-2e26613ef2c1	Animalia	Chordata	Squamata		Elapidae	Oxyuranus	Oxyuranus microlepidotus		SPECIES	Oxyuranus microlepidotus (Mccoy, 1879)	Oxyuranus microlepidotus	(McCoy, 1879)	AU	Cuddapan Stn	Queensland	PRESENT		f9d3db7d-6ee9-4fbf-bd4c-e5d0f0bd26c6	-25.65	141.5							1975-09-09T00:00:00	9	9	1975	2449963	2449963	PRESERVED_SPECIMEN	QM	Herpetology	J26516				CC_BY_4_0					2023-09-27T16:27:37.144Z		CONTINENT_DERIVED_FROM_COORDINATES;INSTITUTION_MATCH_FUZZY;COLLECTION_MATCH_FUZZY
1066526170	a79c2b50-6c8a-11de-8226-b8a03c50a862	d8aeab33-51f5-479e-8830-374167fb30a2	Animalia	Chordata	Squamata		Elapidae	Oxyuranus	Oxyuranus microlepidotus		SPECIES	Oxyuranus microlepidotus (Mccoy, 1879)	Oxyuranus microlepidotus	(McCoy, 1879)	AU	Cuddapan Stn	Queensland	PRESENT		f9d3db7d-6ee9-4fbf-bd4c-e5d0f0bd26c6	-25.65	141.5							1975-09-09T00:00:00	9	9	1975	2449963	2449963	PRESERVED_SPECIMEN	QM	Herpetology	J26515				CC_BY_4_0					2023-09-27T16:28:02.380Z		CONTINENT_DERIVED_FROM_COORDINATES;INSTITUTION_MATCH_FUZZY;COLLECTION_MATCH_FUZZY
